Workbook

Sheet Matrix
A1: elemindex | B1: objguid | C1: element | D1: Object's Bottom Elevation (m) | E1: Object's Top Elevation (m) | F1: Object's Total Area (m2) | G1: volelement | H1: precindex | I1: precguid | J1: precedent | K1: Precedence's Bottom Elevation (m) | L1: Precedence's Top Elevation (m) | M1: Precedence's Total Area (m2) | N1: volpreced
A2: =VLOOKUP(B2,uniqueindex!$C$2:$D$661,2,FALSE) -> 1 | B2: 0LtDkbt1f1MOyCeToEoiW3 | C2: IfcBeam | D2: 3.9 | E2: 4.5 | F2: 28.27 | G2: 2.0124 | H2: =VLOOKUP(I2,uniqueindex!$C$2:$D$661,2,FALSE) -> 529 | I2: 3BShmMMLv0yxdyNuRLN$77 | J2: IfcSlab | K2: 4.5 | L2: 4.7 | M2: 1086.77 | N2: 104.9272
A3: =VLOOKUP(B3,uniqueindex!$C$2:$D$661,2,FALSE) -> 2 | B3: 0LtDkbt1f1MOyCeToEoiW4 | C3: IfcBeam | D3: 3.9 | E3: 4.5 | F3: 21.55 | G3: 1.5084 | H3: =VLOOKUP(I3,uniqueindex!$C$2:$D$661,2,FALSE) -> 529 | I3: 3BShmMMLv0yxdyNuRLN$77 | J3: IfcSlab | K3: 4.5 | L3: 4.7 | M3: 1086.77 | N3: 104.9272
A4: =VLOOKUP(B4,uniqueindex!$C$2:$D$661,2,FALSE) -> 3 | B4: 0LtDkbt1f1MOyCeToEoiW6 | C4: IfcBeam | D4: 3.9 | E4: 4.5 | F4: 20.35 | G4: 1.4184 | H4: =VLOOKUP(I4,uniqueindex!$C$2:$D$661,2,FALSE) -> 529 | I4: 3BShmMMLv0yxdyNuRLN$77 | J4: IfcSlab | K4: 4.5 | L4: 4.7 | M4: 1086.77 | N4: 104.9272
A5: =VLOOKUP(B5,uniqueindex!$C$2:$D$661,2,FALSE) -> 4 | B5: 0MRie6hv98wRscntvUbCsu | C5: IfcWall | D5: -5.3 | E5: -0.32 | F5: 7.69 | G5: 0.5478 | H5: =VLOOKUP(I5,uniqueindex!$C$2:$D$661,2,FALSE) -> 471 | I5: 1viHVTiDf3xOp0C3706poO | J5: IfcSlab | K5: -0.32 | L5: -0.1 | M5: 1104.63 | N5: 118.0615
A6: =VLOOKUP(B6,uniqueindex!$C$2:$D$661,2,FALSE) -> 5 | B6: 0MRie6hv98wRscntvUbCwB | C6: IfcWall | D6: -5.3 | E6: -0.32 | F6: 61.82 | G6: 5.7519 | H6: =VLOOKUP(I6,uniqueindex!$C$2:$D$661,2,FALSE) -> 4 | I6: 0MRie6hv98wRscntvUbCsu | J6: IfcWall | K6: -5.3 | L6: -0.32 | M6: 7.69 | N6: 0.5478
A7: =VLOOKUP(B7,uniqueindex!$C$2:$D$661,2,FALSE) -> 5 | B7: 0MRie6hv98wRscntvUbCwB | C7: IfcWall | D7: -5.3 | E7: -0.32 | F7: 61.82 | G7: 5.7519 | H7: =VLOOKUP(I7,uniqueindex!$C$2:$D$661,2,FALSE) -> 471 | I7: 1viHVTiDf3xOp0C3706poO | J7: IfcSlab | K7: -0.32 | L7: -0.1 | M7: 1104.63 | N7: 118.0615
A8: =VLOOKUP(B8,uniqueindex!$C$2:$D$661,2,FALSE) -> 6 | B8: 0XfigbToj4yBABjeSU0QcM | C8: IfcWall | D8: 11.9 | E8: 15.5 | F8: 24.8 | G8: 2.082 | H8: =VLOOKUP(I8,uniqueindex!$C$2:$D$661,2,FALSE) -> 228 | I8: 1f_YqF_ID6nfQK2lMbMzQd | J8: IfcSlab | K8: 15.3 | L8: 15.5 | M8: 1086.77 | N8: 104.9272
A9: =VLOOKUP(B9,uniqueindex!$C$2:$D$661,2,FALSE) -> 7 | B9: 0XfigbToj4yBABjeSU0QcQ | C9: IfcWall | D9: 11.9 | E9: 15.5 | F9: 40.72 | G9: 3.603 | H9: =VLOOKUP(I9,uniqueindex!$C$2:$D$661,2,FALSE) -> 228 | I9: 1f_YqF_ID6nfQK2lMbMzQd | J9: IfcSlab | K9: 15.3 | L9: 15.5 | M9: 1086.77 | N9: 104.9272
A10: =VLOOKUP(B10,uniqueindex!$C$2:$D$661,2,FALSE) -> 8 | B10: 0XfigbToj4yBABjeSU0QcS | C10: IfcWall | D10: 11.9 | E10: 15.5 | F10: 3.98 | G10: 0.241 | H10: =VLOOKUP(I10,uniqueindex!$C$2:$D$661,2,FALSE) -> 228 | I10: 1f_YqF_ID6nfQK2lMbMzQd | J10: IfcSlab | K10: 15.3 | L10: 15.5 | M10: 1086.77 | N10: 104.9272
A11: =VLOOKUP(B11,uniqueindex!$C$2:$D$661,2,FALSE) -> 9 | B11: 0XfigbToj4yBABjeSU0QcU | C11: IfcWall | D11: 11.9 | E11: 15.3 | F11: 5.32 | G11: 0.374 | H11: =VLOOKUP(I11,uniqueindex!$C$2:$D$661,2,FALSE) -> 6 | I11: 0XfigbToj4yBABjeSU0QcM | J11: IfcWall | K11: 11.9 | L11: 15.5 | M11: 24.8 | N11: 2.082
A12: =VLOOKUP(B12,uniqueindex!$C$2:$D$661,2,FALSE) -> 10 | B12: 0XfigbToj4yBABjeSU0Qfr | C12: IfcWall | D12: 8.3 | E12: 11.9 | F12: 24.8 | G12: 2.082 | H12: =VLOOKUP(I12,uniqueindex!$C$2:$D$661,2,FALSE) -> 485 | I12: 2Gvz1zWerBMPG9HJhLsZ$4 | J12: IfcSlab | K12: 11.7 | L12: 11.9 | M12: 1086.77 | N12: 104.9272
A13: =VLOOKUP(B13,uniqueindex!$C$2:$D$661,2,FALSE) -> 11 | B13: 0XfigbToj4yBABjeSU0Qft | C13: IfcWall | D13: 8.3 | E13: 11.7 | F13: 33.4 | G13: 3.026 | H13: =VLOOKUP(I13,uniqueindex!$C$2:$D$661,2,FALSE) -> 485 | I13: 2Gvz1zWerBMPG9HJhLsZ$4 | J13: IfcSlab | K13: 11.7 | L13: 11.9 | M13: 1086.77 | N13: 104.9272
... A1446: =VLOOKUP(B1446,uniqueindex!$C$2:$D$661,2,FALSE) -> 560 | B1446: 3igMY7LCD7mBFhd9hfLpN6 | C1446: IfcWall | D1446: 19.1 | E1446: 22.7 | F1446: 12.36 | G1446: 1.028 | H1446: =VLOOKUP(I1446,uniqueindex!$C$2:$D$661,2,FALSE) -> 368 | I1446: 1hcnXvUhjDVvgvHr6Wy6gP | J1446: IfcWall | K1446: 22.7 | L1446: 26.3 | M1446: 12.36 | N1446: 1.028

Sheet Matrix2
A1: elemindex | B1: objguid | C1: element | D1: Object's Bottom Elevation (m) | E1: Object's Top Elevation (m) | F1: Object's Total Area (m2) | G1: volelement | H1: precindex | I1: precguid | J1: precedent | K1: Precedence's Bottom Elevation (m) | L1: Precedence's Top Elevation (m) | M1: Precedence's Total Area (m2) | N1: volpreced
A2: {=VLOOKUP(TRUE,CHOOSE({1,2},EXACT(uniqueindex2!$A$2:$A$712,B2),uniqueindex2!$B$2:$B$712),2,FALSE)} -> 1 | B2: 0LtDkbt1f1MOyCeToEoiW3 | C2: IfcBeam | D2: 3.9 | E2: 4.5 | F2: 28.27 | G2: 2.0124 | H2: {=VLOOKUP(TRUE,CHOOSE({1,2},EXACT(uniqueindex2!$A$2:$A$712,I2),uniqueindex2!$B$2:$B$712),2,FALSE)} -> 564 | I2: 3BShmMMLv0yxdyNuRLN$77 | J2: IfcSlab | K2: 4.5 | L2: 4.7 | M2: 1086.77 | N2: 104.9272
A3: {=VLOOKUP(TRUE,CHOOSE({1,2},EXACT(uniqueindex2!$A$2:$A$712,B3),uniqueindex2!$B$2:$B$712),2,FALSE)} -> 2 | B3: 0LtDkbt1f1MOyCeToEoiW4 | C3: IfcBeam | D3: 3.9 | E3: 4.5 | F3: 21.55 | G3: 1.5084 | H3: {=VLOOKUP(TRUE,CHOOSE({1,2},EXACT(uniqueindex2!$A$2:$A$712,I3),uniqueindex2!$B$2:$B$712),2,FALSE)} -> 564 | I3: 3BShmMMLv0yxdyNuRLN$77 | J3: IfcSlab | K3: 4.5 | L3: 4.7 | M3: 1086.77 | N3: 104.9272
A4: {=VLOOKUP(TRUE,CHOOSE({1,2},EXACT(uniqueindex2!$A$2:$A$712,B4),uniqueindex2!$B$2:$B$712),2,FALSE)} -> 3 | B4: 0LtDkbt1f1MOyCeToEoiW6 | C4: IfcBeam | D4: 3.9 | E4: 4.5 | F4: 20.35 | G4: 1.4184 | H4: {=VLOOKUP(TRUE,CHOOSE({1,2},EXACT(uniqueindex2!$A$2:$A$712,I4),uniqueindex2!$B$2:$B$712),2,FALSE)} -> 564 | I4: 3BShmMMLv0yxdyNuRLN$77 | J4: IfcSlab | K4: 4.5 | L4: 4.7 | M4: 1086.77 | N4: 104.9272
A5: {=VLOOKUP(TRUE,CHOOSE({1,2},EXACT(uniqueindex2!$A$2:$A$712,B5),uniqueindex2!$B$2:$B$712),2,FALSE)} -> 4 | B5: 0MRie6hv98wRscntvUbCsu | C5: IfcWall | D5: -5.3 | E5: -0.32 | F5: 7.69 | G5: 0.5478 | H5: {=VLOOKUP(TRUE,CHOOSE({1,2},EXACT(uniqueindex2!$A$2:$A$712,I5),uniqueindex2!$B$2:$B$712),2,FALSE)} -> 505 | I5: 1viHVTiDf3xOp0C3706poO | J5: IfcSlab | K5: -0.32 | L5: -0.1 | M5: 1104.63 | N5: 118.0615
A6: {=VLOOKUP(TRUE,CHOOSE({1,2},EXACT(uniqueindex2!$A$2:$A$712,B6),uniqueindex2!$B$2:$B$712),2,FALSE)} -> 5 | B6: 0MRie6hv98wRscntvUbCwB | C6: IfcWall | D6: -5.3 | E6: -0.32 | F6: 61.82 | G6: 5.7519 | H6: {=VLOOKUP(TRUE,CHOOSE({1,2},EXACT(uniqueindex2!$A$2:$A$712,I6),uniqueindex2!$B$2:$B$712),2,FALSE)} -> 4 | I6: 0MRie6hv98wRscntvUbCsu | J6: IfcWall | K6: -5.3 | L6: -0.32 | M6: 7.69 | N6: 0.5478
A7: {=VLOOKUP(TRUE,CHOOSE({1,2},EXACT(uniqueindex2!$A$2:$A$712,B7),uniqueindex2!$B$2:$B$712),2,FALSE)} -> 5 | B7: 0MRie6hv98wRscntvUbCwB | C7: IfcWall | D7: -5.3 | E7: -0.32 | F7: 61.82 | G7: 5.7519 | H7: {=VLOOKUP(TRUE,CHOOSE({1,2},EXACT(uniqueindex2!$A$2:$A$712,I7),uniqueindex2!$B$2:$B$712),2,FALSE)} -> 505 | I7: 1viHVTiDf3xOp0C3706poO | J7: IfcSlab | K7: -0.32 | L7: -0.1 | M7: 1104.63 | N7: 118.0615
A8: {=VLOOKUP(TRUE,CHOOSE({1,2},EXACT(uniqueindex2!$A$2:$A$712,B8),uniqueindex2!$B$2:$B$712),2,FALSE)} -> 6 | B8: 0XfigbToj4yBABjeSU0QcM | C8: IfcWall | D8: 11.9 | E8: 15.5 | F8: 24.8 | G8: 2.082 | H8: {=VLOOKUP(TRUE,CHOOSE({1,2},EXACT(uniqueindex2!$A$2:$A$712,I8),uniqueindex2!$B$2:$B$712),2,FALSE)} -> 246 | I8: 1f_YqF_ID6nfQK2lMbMzQd | J8: IfcSlab | K8: 15.3 | L8: 15.5 | M8: 1086.77 | N8: 104.9272
A9: {=VLOOKUP(TRUE,CHOOSE({1,2},EXACT(uniqueindex2!$A$2:$A$712,B9),uniqueindex2!$B$2:$B$712),2,FALSE)} -> 7 | B9: 0XfigbToj4yBABjeSU0QcQ | C9: IfcWall | D9: 11.9 | E9: 15.5 | F9: 40.72 | G9: 3.603 | H9: {=VLOOKUP(TRUE,CHOOSE({1,2},EXACT(uniqueindex2!$A$2:$A$712,I9),uniqueindex2!$B$2:$B$712),2,FALSE)} -> 246 | I9: 1f_YqF_ID6nfQK2lMbMzQd | J9: IfcSlab | K9: 15.3 | L9: 15.5 | M9: 1086.77 | N9: 104.9272
A10: {=VLOOKUP(TRUE,CHOOSE({1,2},EXACT(uniqueindex2!$A$2:$A$712,B10),uniqueindex2!$B$2:$B$712),2,FALSE)} -> 8 | B10: 0XfigbToj4yBABjeSU0QcS | C10: IfcWall | D10: 11.9 | E10: 15.5 | F10: 3.98 | G10: 0.241 | H10: {=VLOOKUP(TRUE,CHOOSE({1,2},EXACT(uniqueindex2!$A$2:$A$712,I10),uniqueindex2!$B$2:$B$712),2,FALSE)} -> 246 | I10: 1f_YqF_ID6nfQK2lMbMzQd | J10: IfcSlab | K10: 15.3 | L10: 15.5 | M10: 1086.77 | N10: 104.9272
A11: {=VLOOKUP(TRUE,CHOOSE({1,2},EXACT(uniqueindex2!$A$2:$A$712,B11),uniqueindex2!$B$2:$B$712),2,FALSE)} -> 9 | B11: 0XfigbToj4yBABjeSU0QcU | C11: IfcWall | D11: 11.9 | E11: 15.3 | F11: 5.32 | G11: 0.374 | H11: {=VLOOKUP(TRUE,CHOOSE({1,2},EXACT(uniqueindex2!$A$2:$A$712,I11),uniqueindex2!$B$2:$B$712),2,FALSE)} -> 6 | I11: 0XfigbToj4yBABjeSU0QcM | J11: IfcWall | K11: 11.9 | L11: 15.5 | M11: 24.8 | N11: 2.082
A12: {=VLOOKUP(TRUE,CHOOSE({1,2},EXACT(uniqueindex2!$A$2:$A$712,B12),uniqueindex2!$B$2:$B$712),2,FALSE)} -> 10 | B12: 0XfigbToj4yBABjeSU0Qfr | C12: IfcWall | D12: 8.3 | E12: 11.9 | F12: 24.8 | G12: 2.082 | H12: {=VLOOKUP(TRUE,CHOOSE({1,2},EXACT(uniqueindex2!$A$2:$A$712,I12),uniqueindex2!$B$2:$B$712),2,FALSE)} -> 519 | I12: 2Gvz1zWerBMPG9HJhLsZ$4 | J12: IfcSlab | K12: 11.7 | L12: 11.9 | M12: 1086.77 | N12: 104.9272
A13: {=VLOOKUP(TRUE,CHOOSE({1,2},EXACT(uniqueindex2!$A$2:$A$712,B13),uniqueindex2!$B$2:$B$712),2,FALSE)} -> 11 | B13: 0XfigbToj4yBABjeSU0Qft | C13: IfcWall | D13: 8.3 | E13: 11.7 | F13: 33.4 | G13: 3.026 | H13: {=VLOOKUP(TRUE,CHOOSE({1,2},EXACT(uniqueindex2!$A$2:$A$712,I13),uniqueindex2!$B$2:$B$712),2,FALSE)} -> 519 | I13: 2Gvz1zWerBMPG9HJhLsZ$4 | J13: IfcSlab | K13: 11.7 | L13: 11.9 | M13: 1086.77 | N13: 104.9272
... A1446: {=VLOOKUP(TRUE,CHOOSE({1,2},EXACT(uniqueindex2!$A$2:$A$712,B1446),uniqueindex2!$B$2:$B$712),2,FALSE)} -> 600 | B1446: 3igMY7LCD7mBFhd9hfLpN6 | C1446: IfcWall | D1446: 19.1 | E1446: 22.7 | F1446: 12.36 | G1446: 1.028 | H1446: {=VLOOKUP(TRUE,CHOOSE({1,2},EXACT(uniqueindex2!$A$2:$A$712,I1446),uniqueindex2!$B$2:$B$712),2,FALSE)} -> 402 | I1446: 1hcnXvUhjDVvgvHr6Wy6gP | J1446: IfcWall | K1446: 22.7 | L1446: 26.3 | M1446: 12.36 | N1446: 1.028

Sheet uniqueindex
B1: GUID | C1: IND
B2: 0LtDkbt1f1MOyCeToEoiW3 | C2: 0LtDkbt1f1MOyCeToEoiW3 | D2: 1
B3: 0LtDkbt1f1MOyCeToEoiW4 | C3: 0LtDkbt1f1MOyCeToEoiW4 | D3: 2
B4: 0LtDkbt1f1MOyCeToEoiW6 | C4: 0LtDkbt1f1MOyCeToEoiW6 | D4: 3
B5: 0MRie6hv98wRscntvUbCsu | C5: 0MRie6hv98wRscntvUbCsu | D5: 4
B6: 0MRie6hv98wRscntvUbCwB | C6: 0MRie6hv98wRscntvUbCwB | D6: 5
B7: 0MRie6hv98wRscntvUbCwB | C7: 0XfigbToj4yBABjeSU0QcM | D7: 6
B8: 0XfigbToj4yBABjeSU0QcM | C8: 0XfigbToj4yBABjeSU0QcQ | D8: 7
B9: 0XfigbToj4yBABjeSU0QcQ | C9: 0XfigbToj4yBABjeSU0QcS | D9: 8
B10: 0XfigbToj4yBABjeSU0QcS | C10: 0XfigbToj4yBABjeSU0QcU | D10: 9
B11: 0XfigbToj4yBABjeSU0QcU | C11: 0XfigbToj4yBABjeSU0Qfr | D11: 10
B12: 0XfigbToj4yBABjeSU0Qfr | C12: 0XfigbToj4yBABjeSU0Qft | D12: 11
B13: 0XfigbToj4yBABjeSU0Qft | C13: 0XfigbToj4yBABjeSU0Qfv | D13: 12
... B661: 1f_YqF_ID6nfQK2lMbMzb_ | C661: 2Eglx3EjD3ghYJ6JhzsGm4 | D661: 660
B662: 1f_YqF_ID6nfQK2lMbMzb_
B663: 1f_YqF_ID6nfQK2lMbMzba
B664: 1f_YqF_ID6nfQK2lMbMzba
B665: 1f_YqF_ID6nfQK2lMbMzba
B666: 1f_YqF_ID6nfQK2lMbMzbc
B667: 1f_YqF_ID6nfQK2lMbMzbc
B668: 1f_YqF_ID6nfQK2lMbMzbc
B669: 1f_YqF_ID6nfQK2lMbMzbi
B670: 1f_YqF_ID6nfQK2lMbMzbo
B671: 1f_YqF_ID6nfQK2lMbMzbo
B672: 1f_YqF_ID6nfQK2lMbMzbo
B673: 1f_YqF_ID6nfQK2lMbMzbo
... B2891: 1hcnXvUhjDVvgvHr6Wy6gP

Sheet uniqueindex2
A1: uniqueguid | B1: uniqueindex | C1: ifcelement | D1: vol
A2: 0LtDkbt1f1MOyCeToEoiW3 | B2: 1 | C2: IfcBeam | D2: 2.0124
A3: 0LtDkbt1f1MOyCeToEoiW4 | B3: 2 | C3: IfcBeam | D3: 1.5084
A4: 0LtDkbt1f1MOyCeToEoiW6 | B4: 3 | C4: IfcBeam | D4: 1.4184
A5: 0MRie6hv98wRscntvUbCsu | B5: 4 | C5: IfcWall | D5: 0.5478
A6: 0MRie6hv98wRscntvUbCwB | B6: 5 | C6: IfcWall | D6: 5.7519
A7: 0XfigbToj4yBABjeSU0QcM | B7: 6 | C7: IfcWall | D7: 2.082
A8: 0XfigbToj4yBABjeSU0QcQ | B8: 7 | C8: IfcWall | D8: 3.603
A9: 0XfigbToj4yBABjeSU0QcS | B9: 8 | C9: IfcWall | D9: 0.241
A10: 0XfigbToj4yBABjeSU0QcU | B10: 9 | C10: IfcWall | D10: 0.374
A11: 0XfigbToj4yBABjeSU0Qfr | B11: 10 | C11: IfcWall | D11: 2.082
A12: 0XfigbToj4yBABjeSU0Qft | B12: 11 | C12: IfcWall | D12: 3.026
A13: 0XfigbToj4yBABjeSU0Qfv | B13: 12 | C13: IfcWall | D13: 3.603
... A712: 2Eglx3EjD3ghYJ6JhzsGm4 | B712: 711 | C712: IfcWall | D712: 1.0445

Sheet Output
A1: C:\Users\dehma\PycharmProjects\HelloWorld\pythonProject\.venv\Scripts\python.exe C:\Users\dehma\PycharmProjects\HelloWorld\pythonProject\precedence_matrix-v2.py
A2: Is this methodology being applied for construction (type C) or demolition (type D)? D
A3: C:\Users\dehma\PycharmProjects\HelloWorld\pythonProject\precedence_matrix-v2.py:227: DeprecationWarning: Call to deprecated function copy (Use copy(obj) or cell.obj = cell.obj + other).
A4: ws['A1'].alignment = ws['A1'].alignment.copy(wrapText=True)
A5: C:\Users\dehma\PycharmProjects\HelloWorld\pythonProject\precedence_matrix-v2.py:228: DeprecationWarning: Call to deprecated function copy (Use copy(obj) or cell.obj = cell.obj + other).
A6: ws['B1'].alignment = ws['B1'].alignment.copy(wrapText=True)
A7: C:\Users\dehma\PycharmProjects\HelloWorld\pythonProject\precedence_matrix-v2.py:229: DeprecationWarning: Call to deprecated function copy (Use copy(obj) or cell.obj = cell.obj + other).
A8: ws['C1'].alignment = ws['C1'].alignment.copy(wrapText=True)
A9: C:\Users\dehma\PycharmProjects\HelloWorld\pythonProject\precedence_matrix-v2.py:230: DeprecationWarning: Call to deprecated function copy (Use copy(obj) or cell.obj = cell.obj + other).
A10: ws['D1'].alignment = ws['D1'].alignment.copy(wrapText=True)
A11: C:\Users\dehma\PycharmProjects\HelloWorld\pythonProject\precedence_matrix-v2.py:231: DeprecationWarning: Call to deprecated function copy (Use copy(obj) or cell.obj = cell.obj + other).
A12: ws['E1'].alignment = ws['E1'].alignment.copy(wrapText=True)
... A4367: Total time taken: 24757.87091779709 seconds
